cluster,centroid_xf,centroid_yf,mean_distance_to_centroid,mean_camera_distance1,mean_camera_distance2,Z1,Z2,H1,H2,mean_camera_distance
0,254112.21823,42380.76855,0.0263642519649796,9.928727695845796,7.651675320521456,417.4242283275496,417.2383577988719,0.0,0.0,9.928727695845796
0,254112.02301,42380.84088,0.2182445489238845,9.572821231282584,21.3702280273869,417.3552632992557,416.1316817379732,0.0,0.0,9.572821231282584
0,254111.9834,42380.89317,0.2099579590172556,8.473027292382623,25.71108169082026,417.2141367564579,415.76197062077216,0.0,0.0,8.473027292382623
