cluster,centroid_xf,centroid_yf,mean_distance_to_centroid,mean_camera_distance1,mean_camera_distance2,Z1,Z2,H1,H2,mean_camera_distance
0,254158.19235,42037.83624,0.1112218634526394,13.036509725613868,9.247263372803507,395.0397222323841,395.4502914783766,0.0,0.0,13.036509725613868
0,254158.22291,42037.91502,0.112609936418966,12.173876838587958,7.607019069236352,395.1431869175658,395.4976659640744,0.0,0.0,12.173876838587958
0,254158.28921,42038.04652,0.1644286416204258,9.507862600780308,5.40817544002688,395.41609151534425,395.5255000762045,0.0,0.0,9.507862600780308
0,254158.36051,42038.16051,0.0714339163322879,7.860583323476263,4.773978026231297,395.5369081144675,395.52083969205984,0.0,0.0,7.860583323476263
1,254130.62003,42385.10689,0.0305765869342354,7.013621482735506,4.551586105463994,416.5050530710271,416.6112265321756,0.0,0.0,7.013621482735506
1,254130.60218,42385.14995,0.0529920110959123,6.34784011302937,4.625268925123842,416.54290604445896,416.70550359589066,0.0,0.0,6.34784011302937
1,254130.5762,42385.17296,0.0365856854975925,4.91168817195284,4.475419874032329,416.59649787072414,416.7560409228137,0.0,0.0,4.91168817195284
