cluster,centroid_xf,centroid_yf,mean_distance_to_centroid,mean_camera_distance1,mean_camera_distance2,Z1,Z2,H1,H2,mean_camera_distance
0,236358.8866084305,148595.75886707622,0.04869430783853925,7.494947273602506,4.229915764177812,108.5289936925653,108.85949521515276,0.0,0.0,7.494947273602506
0,235703.65153643084,146711.4828656915,0.14690306874561895,11.7109443037369,6.619908688029913,109.44945837525303,109.8307537206556,0.0,0.0,11.7109443037369
0,235703.64986975314,146711.44628808636,0.08709913577660279,10.401904574438552,4.778453434342848,109.54827055411725,109.9981661702452,0.0,0.0,10.401904574438552
0,235703.6339021692,146711.3801279359,0.0402595135326596,7.750335679189628,3.694641226735129,109.74305301690607,110.09374849855571,0.0,0.0,7.750335679189628
0,235684.67292752993,146814.05896732755,0.21184920104061356,16.826749621786593,8.984902586869577,109.10883989024596,109.64928244128629,0.0,0.0,16.826749621786593
0,235684.67432994465,146813.99559675658,0.14122189013315856,14.80291828715096,6.585989934273421,109.24981741313006,109.81677469464042,0.0,0.0,14.80291828715096
0,235684.65538479722,146813.86758544817,0.06387125734718752,10.061921261379966,5.252590632213615,109.62039813673891,109.90225574512893,0.0,0.0,10.061921261379966
0,235647.45868723365,147046.2888627134,0.10159108435871834,10.5131955271802,5.63008403218793,109.53367758900242,109.85126927530344,0.0,0.0,10.5131955271802
0,235647.45868723365,147046.2888627134,0.10159108435871834,10.5131955271802,5.63008403218793,109.53367758900242,109.85126927530344,0.0,0.0,10.5131955271802
