cluster,centroid_xf,centroid_yf,mean_distance_to_centroid,mean_camera_distance1,mean_camera_distance2,Z1,Z2,H1,H2,mean_camera_distance
0,236043.0246455633,149231.86837721267,0.03946217689934465,12.512673889584576,9.531811697405594,110.74422178046989,111.64041557812952,0.0,0.0,12.512673889584576
0,236043.03747785537,149231.88498233183,0.05195032659213165,9.720684180624696,9.497418491173027,111.0579903855027,111.83453807382459,0.0,0.0,9.720684180624696
0,237086.62745601384,149193.5986649641,0.1580730160409674,12.425428832127054,5.492254277936815,107.25670268108145,108.07775311292914,0.0,0.0,12.425428832127054
0,237086.62745601384,149193.5986649641,0.1580730160409674,12.425428832127054,5.492254277936815,107.25670268108145,108.07775311292914,0.0,0.0,12.425428832127054
0,237086.6916478692,149193.59802743501,0.0,4.556774958376477,8.939052265173157,108.15895182756007,107.75822138083957,0.0,0.0,4.556774958376477
0,237086.84714817096,149193.73324076852,0.0,9.145117763031664,5.715087522266338,107.7501722761286,108.00793294904305,0.0,0.0,9.145117763031664
1,237556.49743536924,149602.11174677513,0.0,631.5151013207404,293.16203997996587,83.43983784998073,133.04243843997338,0.0,0.0,631.5151013207404
1,237556.49743536924,149602.11174677513,0.0,631.5151013207404,293.16203997996587,83.43983784998073,133.04243843997338,0.0,0.0,631.5151013207404
0,236042.6470489013,149231.8669742441,0.10500224625607606,5.848051026153091,8.447594580993528,111.76354865431557,112.04074735375822,0.0,0.0,5.848051026153091
