cluster,centroid_xf,centroid_yf,mean_distance_to_centroid,mean_camera_distance1,mean_camera_distance2,Z1,Z2,H1,H2,mean_camera_distance
0,238449.59843587107,149717.94419276895,0.05949053652370049,9.926700853014664,5.357220652408382,108.92230550446743,109.2919552471742,0.0,0.0,9.926700853014664
0,238449.59843587107,149717.94419276895,0.05949053652370049,9.926700853014664,5.357220652408382,108.92230550446743,109.2919552471742,0.0,0.0,9.926700853014664
