cluster,centroid_xf,centroid_yf,mean_distance_to_centroid,mean_camera_distance1,mean_camera_distance2,Z1,Z2,H1,H2,mean_camera_distance
0,237339.06024213726,149325.58886210516,0.06370523995579297,11.732856018765355,6.8840067914908,107.58556921105213,107.94769491173732,0.0,0.0,11.732856018765355
