cluster,centroid_xf,centroid_yf,mean_distance_to_centroid,mean_camera_distance1,mean_camera_distance2,Z1,Z2,H1,H2,mean_camera_distance
0,236108.73411508455,149047.37035665454,0.19281197719530577,6.639236724711911,5.475805596814453,112.055018729916,112.29539663361378,0.0,0.0,6.639236724711911
0,236108.62957945207,149047.4316274016,0.25574681000899974,5.267818658786123,5.501946656460135,112.22097007043864,112.54782214952947,0.0,0.0,5.267818658786123
0,236108.56104809977,149047.3466539672,0.30587729176974837,6.044664563761544,6.074570736993299,112.37348575225032,112.92018681506318,0.0,0.0,6.044664563761544
0,236108.68786182694,149047.29084302744,0.3830568181479805,4.967312668192984,6.626010440542061,112.52798178980815,113.0574305350806,0.0,0.0,4.967312668192984
