cluster,centroid_xf,centroid_yf,mean_distance_to_centroid,mean_camera_distance1,mean_camera_distance2,Z1,Z2,H1,H2,mean_camera_distance
0,235805.54938445566,148593.9993925301,0.05827322161325571,15.241858261224897,10.125091148820418,107.16911318514421,107.76007993509869,0.0,0.0,15.241858261224897
0,235805.5302942216,148593.85733749365,0.18544816351124904,11.905248473346056,7.459307890032981,107.53366147980988,107.9742291398918,0.0,0.0,11.905248473346056
0,235805.53257445068,148593.85008788612,0.17592414455745423,9.104981482266178,10.675573305671216,107.81576322202385,107.69276446131448,0.0,0.0,9.104981482266178
0,235805.53463392393,148593.8680657419,0.18297194930342728,8.49784076002321,11.628067839416554,107.9331060141515,107.5694415557105,0.0,0.0,8.49784076002321
0,235805.54489845005,148593.88262316992,0.1719814970690294,9.809036412978527,10.551872639582232,107.71928040146479,107.71401609423613,0.0,0.0,9.809036412978527
0,235805.5410581175,148593.92498328167,0.12844332562217978,12.676511524073456,7.789753921114463,107.50217888061293,107.99295565386893,0.0,0.0,12.676511524073456
0,235805.57559523507,148593.98116513042,0.2058198445292425,9.308050344437104,9.588762357372437,107.82088330113484,107.97131358197541,0.0,0.0,9.308050344437104
0,235805.62152013968,148594.02618775313,0.1874875781603615,8.660711702860889,11.644481976458787,107.9808961020284,108.0663254190529,0.0,0.0,8.660711702860889
