cluster,centroid_xf,centroid_yf,mean_distance_to_centroid,mean_camera_distance1,mean_camera_distance2,Z1,Z2,H1,H2,mean_camera_distance
0,235716.86421,146649.99546,0.0,10.641031615950803,6.769168935756757,109.266269164704,109.58923431902512,0.0,0.0,10.641031615950803
0,235716.86539,146649.94006,0.0446331099934687,9.036779753547629,4.590512208817186,109.4030631696049,109.70983452762157,0.0,0.0,9.036779753547629
0,235716.86092,146649.8613,0.0900736080992696,7.960838388457404,3.800907852730327,109.48678853044706,109.87869775338316,0.0,0.0,7.960838388457404
