cluster,centroid_xf,centroid_yf,mean_distance_to_centroid,mean_camera_distance1,mean_camera_distance2,Z1,Z2,H1,H2,mean_camera_distance
0,235753.9998,148566.34672,0.0875373031802001,13.212606024188588,8.732103183379179,106.61507644598238,106.70486881673835,0.0,0.0,13.212606024188588
0,235754.19713,148566.3652,0.1440830236830237,11.517785672611046,5.716367297953373,106.6955954513419,106.85246878367018,0.0,0.0,11.517785672611046
0,235754.29037,148566.34668,0.0786812385786946,9.379842061713443,4.816405915615851,106.7873637432852,106.9076660881683,0.0,0.0,9.379842061713443
0,235754.36864,148566.31911,0.0,7.184911910978773,4.117019412217538,106.81721038509048,106.97416389411364,0.0,0.0,7.184911910978773
