cluster,centroid_xf,centroid_yf,mean_distance_to_centroid,mean_camera_distance1,mean_camera_distance2,Z1,Z2,H1,H2,mean_camera_distance
0,236122.27677,148260.18897,0.5236740577295994,9.13601481632216,8.51021609872987,108.1528467501101,108.1509191631486,0.0,0.0,9.13601481632216
0,236122.53814,148259.67101,0.2975144943956201,8.379230328610136,4.488388734416833,108.19682238698748,108.52895756319607,0.0,0.0,8.379230328610136
0,236122.56142,148259.86936,0.0848097852175816,9.755752538666774,4.872884300432139,108.0239056005046,108.46776289108236,0.0,0.0,9.755752538666774
0,236122.54358,148259.95434,0.0,7.573016837083124,4.308930969993186,108.23453709562295,108.5050637461827,0.0,0.0,7.573016837083124
