cluster,centroid_xf,centroid_yf,mean_distance_to_centroid,mean_camera_distance1,mean_camera_distance2,Z1,Z2,H1,H2,mean_camera_distance
0,235058.63802,147576.94606,0.1275960567857918,0.5774549805423629,0.7063349062489699,113.24736422664668,113.40819386536946,0.0,0.0,0.5774549805423629
0,235058.51848,147576.99615,0.1624643888500009,0.7263530117259156,0.5718083937825587,113.423045742957,113.24096141492814,0.0,0.0,0.7263530117259156
0,235058.61754,147576.94401,0.3287377248675449,1.1781630974267632,0.926397336514948,113.98466564187846,113.66221083472476,0.0,0.0,1.1781630974267632
0,235058.0987,147577.15254,0.0791910481889796,1.0091387767964108,5.434773855920925,113.74815372486202,132.35297145460734,0.0,0.0,1.0091387767964108
