cluster,centroid_xf,centroid_yf,mean_distance_to_centroid,mean_camera_distance1,mean_camera_distance2,Z1,Z2,H1,H2,mean_camera_distance
0,235709.18958476695,148821.42844423174,0.3593197575759047,8.74549168372778,14.164126367896628,108.26892254624626,108.0994469106194,0.0,0.0,8.74549168372778
0,235709.1967593504,148821.3377143925,0.3219138902141326,11.97514726199129,17.232022556432728,108.4149371009298,107.74735550260128,0.0,0.0,11.97514726199129
0,235709.19536785447,148821.30761572963,0.508165665355251,14.28706858339788,18.249924626681437,108.3215775447977,107.56332377283087,0.0,0.0,14.28706858339788
0,235320.9785937112,147343.84047321483,0.08834485702156465,8.56036312142635,6.99089767655552,110.6642799457644,111.17766285554262,0.0,0.0,8.56036312142635
0,235320.9785937112,147343.84047321483,0.08834485702156465,8.56036312142635,6.99089767655552,110.6642799457644,111.17766285554262,0.0,0.0,8.56036312142635
0,240729.53761662706,150538.69878284275,0.06329184043145142,8.342356180768784,4.747008111009051,112.96970908771976,113.22676403427062,0.0,0.0,8.342356180768784
0,240729.43993035046,150538.69352518424,0.07862519405420922,7.0402133682230685,3.139701409897064,113.066204590166,113.48428145428319,0.0,0.0,7.0402133682230685
2,240729.19340067403,150535.78413567878,0.0,5.249523234447032,4.690618058470551,113.38399492752052,113.93662502956235,0.0,0.0,5.249523234447032
