cluster,centroid_xf,centroid_yf,mean_distance_to_centroid,mean_camera_distance1,mean_camera_distance2,Z1,Z2,H1,H2,mean_camera_distance
0,235716.86420819262,146649.99545634608,0.0,10.641031615950805,6.769168935756757,109.26626916470401,109.58923431902511,0.0,0.0,10.641031615950805
0,235716.86538798176,146649.94006303098,0.044633109993468714,9.036779753547629,4.590512208817186,109.4030631696049,109.70983452762157,0.0,0.0,9.036779753547629
0,235716.8609239845,146649.8613001745,0.09007360809926968,7.960838388457404,3.800907852730327,109.48678853044706,109.87869775338316,0.0,0.0,7.960838388457404
1,235737.2855356271,147887.89418871328,0.0,1244.8363327885575,799.5874566274296,-68.39143907687875,18.306537239721408,0.0,0.0,1244.8363327885575
