cluster,centroid_xf,centroid_yf,mean_distance_to_centroid,mean_camera_distance1,mean_camera_distance2,Z1,Z2,H1,H2,mean_camera_distance
0,239213.9453538996,149649.0853290787,0.09739004887199966,13.611795503529208,14.838909347282337,110.95701198139231,110.37205199609834,0.0,0.0,13.611795503529208
0,239214.0778567854,149648.9951422512,0.16143708120577052,13.757592880835219,10.976192819863785,110.82683848951666,110.80375897370332,0.0,0.0,13.757592880835219
0,239214.1079763993,149648.9934696452,0.1814949912439712,13.87423923572589,10.357401310162112,110.39353945496202,110.94237174002032,0.0,0.0,13.87423923572589
0,239214.10156022213,149649.00526683964,0.2265007657189091,10.949390172777715,10.279241362880976,110.88518144746551,110.96145332940618,0.0,0.0,10.949390172777715
0,239214.10731082075,149649.10911057945,0.3411509366203238,9.977898157346656,9.480747236415699,110.98481273458181,111.04416001185116,0.0,0.0,9.977898157346656
