cluster,centroid_xf,centroid_yf,mean_distance_to_centroid,mean_camera_distance1,mean_camera_distance2,Z1,Z2,H1,H2,mean_camera_distance
0,235709.18958,148821.42844,0.3593197575759047,8.74549168372778,14.164126367896628,108.26892254624626,108.0994469106194,0.0,0.0,8.74549168372778
0,235709.19676,148821.33771,0.3219138902141326,11.97514726199129,17.232022556432728,108.4149371009298,107.74735550260128,0.0,0.0,11.97514726199129
0,235709.19537,148821.30762,0.508165665355251,14.28706858339788,18.24992462668144,108.3215775447977,107.56332377283088,0.0,0.0,14.28706858339788
