cluster,centroid_xf,centroid_yf,mean_distance_to_centroid,mean_camera_distance1,mean_camera_distance2,Z1,Z2,H1,H2,mean_camera_distance
0,236043.02465,149231.86838,0.0394621768993446,12.512673889584576,9.531811697405594,110.74422178046989,111.64041557812952,0.0,0.0,12.512673889584576
0,236043.03748,149231.88498,0.0519503265921316,9.720684180624696,9.497418491173027,111.0579903855027,111.8345380738246,0.0,0.0,9.720684180624696
1,237086.62746,149193.59866,0.1580730160409674,12.425428832127054,5.492254277936815,107.25670268108144,108.07775311292914,0.0,0.0,12.425428832127054
1,237086.69165,149193.59803,0.0,4.556774958376477,8.939052265173157,108.15895182756007,107.75822138083956,0.0,0.0,4.556774958376477
1,237086.84715,149193.73324,0.0,9.145117763031664,5.715087522266338,107.7501722761286,108.00793294904304,0.0,0.0,9.145117763031664
0,236042.64705,149231.86697,0.105002246256076,5.848051026153091,8.447594580993528,111.76354865431556,112.04074735375822,0.0,0.0,5.848051026153091
