cluster,centroid_xf,centroid_yf,mean_distance_to_centroid,mean_camera_distance1,mean_camera_distance2,Z1,Z2,H1,H2,mean_camera_distance
0,235805.54938,148593.99939,0.0582732216132557,15.241858261224897,10.125091148820418,107.1691131851442,107.76007993509867,0.0,0.0,15.241858261224897
0,235805.53029,148593.85734,0.185448163511249,11.905248473346056,7.459307890032981,107.53366147980988,107.9742291398918,0.0,0.0,11.905248473346056
0,235805.53257,148593.85009,0.1759241445574542,9.104981482266178,10.675573305671216,107.81576322202385,107.69276446131448,0.0,0.0,9.104981482266178
0,235805.53463,148593.86807,0.1829719493034272,8.49784076002321,11.628067839416554,107.9331060141515,107.5694415557105,0.0,0.0,8.49784076002321
0,235805.5449,148593.88262,0.1719814970690294,9.809036412978529,10.551872639582232,107.7192804014648,107.71401609423611,0.0,0.0,9.809036412978529
0,235805.54106,148593.92498,0.1284433256221797,12.676511524073456,7.789753921114463,107.50217888061292,107.99295565386892,0.0,0.0,12.676511524073456
0,235805.5756,148593.98117,0.2058198445292425,9.308050344437104,9.588762357372437,107.82088330113484,107.9713135819754,0.0,0.0,9.308050344437104
0,235805.62152,148594.02619,0.1874875781603615,8.660711702860889,11.644481976458788,107.9808961020284,108.0663254190529,0.0,0.0,8.660711702860889
