cluster,centroid_xf,centroid_yf,mean_distance_to_centroid,mean_camera_distance1,mean_camera_distance2,Z1,Z2,H1,H2,mean_camera_distance
0,235703.65154,146711.48287,0.1469030687456189,11.7109443037369,6.619908688029913,109.44945837525304,109.8307537206556,0.0,0.0,11.7109443037369
0,235703.64987,146711.44629,0.0870991357766027,10.401904574438552,4.778453434342848,109.54827055411724,109.9981661702452,0.0,0.0,10.401904574438552
0,235703.6339,146711.38013,0.0402595135326596,7.750335679189628,3.694641226735129,109.74305301690607,110.09374849855573,0.0,0.0,7.750335679189628
1,235684.67293,146814.05897,0.2118492010406135,16.826749621786593,8.984902586869577,109.10883989024596,109.64928244128627,0.0,0.0,16.826749621786593
1,235684.67433,146813.9956,0.1412218901331585,14.80291828715096,6.585989934273421,109.24981741313006,109.81677469464042,0.0,0.0,14.80291828715096
1,235684.65538,146813.86759,0.0638712573471875,10.061921261379966,5.252590632213615,109.62039813673891,109.90225574512893,0.0,0.0,10.061921261379966
