cluster,centroid_xf,centroid_yf,mean_distance_to_centroid,mean_camera_distance1,mean_camera_distance2,Z1,Z2,H1,H2,mean_camera_distance
0,239213.94535,149649.08533,0.0973900488719996,13.611795503529208,14.838909347282335,110.95701198139233,110.37205199609834,0.0,0.0,13.611795503529208
0,239214.07786,149648.99514,0.1614370812057705,13.75759288083522,10.976192819863783,110.82683848951666,110.80375897370332,0.0,0.0,13.75759288083522
0,239214.10798,149648.99347,0.1814949912439712,13.87423923572589,10.357401310162112,110.39353945496202,110.94237174002032,0.0,0.0,13.87423923572589
0,239214.10156,149649.00527,0.2265007657189091,10.949390172777717,10.279241362880976,110.88518144746553,110.96145332940618,0.0,0.0,10.949390172777717
0,239214.10731,149649.10911,0.3411509366203238,9.977898157346656,9.4807472364157,110.9848127345818,111.04416001185116,0.0,0.0,9.977898157346656
