cluster,centroid_xf,centroid_yf,mean_distance_to_centroid,mean_camera_distance1,mean_camera_distance2,Z1,Z2,H1,H2,mean_camera_distance
0,235569.62836,148238.00407,0.1408612688758488,14.028197378322034,9.457989143849268,108.55966248387,109.01836182480234,0.0,0.0,14.028197378322034
0,235569.7808,148238.24947,0.0808571717735804,14.462086950762254,9.769273888836508,108.42741987288406,108.86910842658187,0.0,0.0,14.462086950762254
0,235569.88382,148238.37016,0.1984274126067553,15.347515968067029,10.613077469278313,108.36710015635984,108.78773676198364,0.0,0.0,15.347515968067029
0,235569.75068,148238.18343,0.2376744324897532,13.932948804209472,8.458869939400481,108.50211953972318,109.04766435523162,0.0,0.0,13.932948804209472
0,235569.62067,148238.04164,0.1222878956782707,11.329809511336926,7.240098918252282,108.80447248944844,109.162077539632,0.0,0.0,11.329809511336926
