cluster,centroid_xf,centroid_yf,mean_distance_to_centroid,mean_camera_distance1,mean_camera_distance2,Z1,Z2,H1,H2,mean_camera_distance
0,235077.51526,147571.63171,0.0,8.349364949086105,6.074987948056671,110.59596723870716,110.8716064946024,0.0,0.0,8.349364949086105
0,235077.664,147571.48921,0.2414947608777164,7.987421340807532,6.140156682595544,110.60318798383842,110.79711333193336,0.0,0.0,7.987421340807532
0,235077.58474,147571.56887,0.1837844109900543,7.539545024149404,5.515686757837245,110.6723996714193,110.79627838672174,0.0,0.0,7.539545024149404
0,235077.66525,147571.48854,0.3851962618949894,6.207119597572183,5.323010219729949,110.80396278916052,110.74037526230596,0.0,0.0,6.207119597572183
1,236222.39984,147882.00568,0.0212054344734057,6.473835153361748,3.0274013560707207,107.76096903144158,108.13250787360276,0.0,0.0,6.473835153361748
1,236222.36097,147882.08055,0.0891768398676818,5.995054224204507,3.13187655170576,107.93076047728434,108.20994687728704,0.0,0.0,5.995054224204507
1,236222.31817,147882.12684,0.0,8.016630555046499,2.929123022597223,107.78426962695256,108.23213754764126,0.0,0.0,8.016630555046499
