cluster,centroid_xf,centroid_yf,mean_distance_to_centroid,mean_camera_distance1,mean_camera_distance2,Z1,Z2,H1,H2,mean_camera_distance
0,235965.4509,148966.79053,0.0,3.2411259611927377,6.146209763309947,107.56086027070056,112.83302784049218,0.0,0.0,3.2411259611927377
0,235965.71765,148966.64493,0.4051976391058287,3.5450241905188187,20.0444678938769,107.46701640033592,122.56864743051548,0.0,0.0,3.5450241905188187
0,235965.12386,148966.64082,0.0,5.786528911975228,79.00141001099772,112.5852533703982,154.24805849159543,0.0,0.0,5.786528911975228
1,236143.73963,148228.63387,0.0,34.66778591255244,136.31206851895217,130.84308297815508,72.24799912561028,0.0,0.0,34.66778591255244
1,236143.46682,148228.94912,0.4169029737736742,34.250882938778766,136.03413721914194,130.58723511925552,72.23355967683828,0.0,0.0,34.250882938778766
1,236143.26077,148229.18723,0.4878611031743323,33.93599425779461,135.9751154789813,130.3939920869685,71.66302236406295,0.0,0.0,33.93599425779461
2,236088.78562,148072.69429,0.0833160760246222,0.3005352360294027,4.3762482919717485,108.7035638737562,108.25739947397275,0.0,0.0,0.3005352360294027
2,236088.7392,148072.65758,0.1966379220373869,2.8066511383002077,7.713328265549398,108.68259533276884,106.60541134508928,0.0,0.0,2.8066511383002077
2,236088.66958,148072.60252,0.3348205363933207,6.565824991706414,12.718948225915875,108.6511425212878,104.12742915176406,0.0,0.0,6.565824991706414
