cluster,centroid_xf,centroid_yf,mean_distance_to_centroid,mean_camera_distance1,mean_camera_distance2,Z1,Z2,H1,H2,mean_camera_distance
0,254153.09863965018,41911.5935017847,0.10186121474916876,5.826745277582326,2.8179990567579605,387.5999861466889,387.615498812878,0.0,0.0,5.826745277582326
0,254232.0945797721,42495.42960883351,0.15597835982738886,8.985250916739883,5.737461797028522,419.62750768829045,419.41101294523315,0.0,0.0,8.985250916739883
0,254232.0945797721,42495.42960883351,0.15597835982738886,8.985250916739883,5.737461797028522,419.62750768829045,419.41101294523315,0.0,0.0,8.985250916739883
0,254197.71184719514,42464.684472843226,0.189860809414942,7.433867428188216,4.924886941633276,418.6138599009425,418.17025344855193,0.0,0.0,7.433867428188216
0,254197.71184719514,42464.684472843226,0.189860809414942,7.433867428188216,4.924886941633276,418.6138599009425,418.17025344855193,0.0,0.0,7.433867428188216
